{"name": "Curve 0", "width": null, "type": null, "accurancy": 10000, "color": null, "pointsxs": [117.51152073732715, 117.11652402896638, 151.08624094799205, 149.506254114549, 115.93153390388412, 113.16655694535876, 77.61685319289003, 73.27188940092162, 41.27715602369978, 41.672152732060546, 77.61685319289003, 83.5418038183015, 117.69151618560727], "pointsys": [37.41663741663743, 75.32467532467534, 80.4726804726805, 129.14472914472918, 133.82473382473387, 175.00877500877505, 175.94477594477598, 132.88873288873293, 131.01673101673106, 80.00468000468003, 78.13267813267815, 37.41663741663743, 37.19486278080029]}